{"C": 2.314693926705792, "epsilon": 0.8309726110462292, "max_iter": 4100}