{"C": 1.6117526120967864, "epsilon": 0.007204916579174436, "max_iter": 1900}