{"C": 3.525216240034534, "epsilon": 0.7251283926514873, "max_iter": 5000}