{"C": 0.3039958161243479, "epsilon": 0.4217783918150452, "max_iter": 4700}