{"C": 4.463065369966673, "epsilon": 0.9765342509261737, "max_iter": 2600}