{"C": 0.024943070921507608, "epsilon": 0.010970050099725182, "max_iter": 4200}